{
    "lr": 0.00023549053748614713,
    "best_score": 0.16034543248159544
}