{
    "lr": 0.0006913839689149543,
    "best_score": 0.2921925020005022
}