{
    "lr": 0.00099,
    "best_score": 0.11394061722925733
}